Current Price|Likes|Item|Title|Old Price|Discount|Brand|Link
350 грн|1|Складная кисть для губ zoeva 330|Складная кисть для губ zoeva 330|||Zoeva|https://shafa.ua/cosmetics/aksessuary-dlya-krasoty/kisti/100023914-skladnaya-kist-dlya-gub-zoeva-330
525 грн|1|Палетка для лица ciate london everyday vacay palette ( в сша - $30)|Палетка для лица ciate london everyday vacay palette ( в сша - $30)|||Ciate London|https://shafa.ua/cosmetics/dekorativnaya/nabory/99986567-paletka-dlya-lica-ciate-london-everyday-vacay-palette-v-ssha-30
190 грн|2|Черный карандаш для глаз clinique quickliner for eyes intense|Черный карандаш для глаз clinique quickliner for eyes intense|||Clinique|https://shafa.ua/cosmetics/dekorativnaya/dlya-glaz/karandashi/99986328-chernyy-karandash-dlya-glaz-clinique-quickliner-for-eyes-intense
55 грн|0|Пробник парфюмированая вода givenchy l'interdit eau de parfum|Пробник парфюмированая вода givenchy l'interdit eau de parfum|||Givenchy|https://shafa.ua/cosmetics/parfyumeriya/probniki/99984824-probnik-parfyumirovanaya-voda-givenchy-linterdit-eau-de-parfum
450 грн|2|Двойная тушь huda beauty legit lashes double ended mascara|Двойная тушь huda beauty legit lashes double ended mascara|||Huda Beauty|https://shafa.ua/cosmetics/dekorativnaya/dlya-glaz/tush/99897970-dvoynaya-tush-huda-beauty-legit-lashes-double-ended-mascara
50 грн|0|Пробник парфюмированная вода aerin lauder amber musk|Пробник парфюмированная вода aerin lauder amber musk||||https://shafa.ua/cosmetics/parfyumeriya/probniki/99989384-probnik-parfyumirovannaya-voda-aerin-lauder-amber-musk
150 грн|4|Очищающий скраб для кожи головы naturelab tokyo perfect shine clarifying scalp scrub|Очищающий скраб для кожи головы naturelab tokyo perfect shine clarifying scalp scrub||||https://shafa.ua/cosmetics/dlya-volos/shampuni/99986891-ochishayushiy-skrab-dlya-kozhi-golovy-naturelab-tokyo-perfect-shine
110 грн|1|Гель для завивки локонов mizani true textures perfect coil oil gel|Гель для завивки локонов mizani true textures perfect coil oil gel||||https://shafa.ua/cosmetics/dlya-volos/masla/99985874-gel-dlya-zavivki-lokonov-mizani-true-textures-perfect-coil-oil-gel
120 грн|4|Несмываемая термозащита от распушивания волос mizani 25 miracle milk leave-in conditioner|Несмываемая термозащита от распушивания волос mizani 25 miracle milk leave-in conditioner||||https://shafa.ua/cosmetics/dlya-volos/sredstva-dlya-zashchity/99698952-nesmyvaemaya-termozashita-ot-raspushivaniya-volos-mizani-25-miracle
500 грн|1|Полноразмерный карандаш для бровей anastasia beverly hills brow wiz|Полноразмерный карандаш для бровей anastasia beverly hills brow wiz|||Anastasia Beverly Hills|https://shafa.ua/cosmetics/dekorativnaya/dlya-brovej/karandashi/99989970-polnorazmernyy-karandash-dlya-brovyay-anastasia-beverly-hills-brow
135 грн|4|Крем для укладки вьющихся волос mizani 25 miracle cream|Крем для укладки вьющихся волос mizani 25 miracle cream||||https://shafa.ua/cosmetics/dlya-volos/stajling/gel-dlya-fiksacii/99500842-krem-dlya-ukladki-vyushihsya-volos-mizani-25-miracle-cream
800 грн|2|Восстанавливающее масло для лица malin+goetz recovery treatment oil|Восстанавливающее масло для лица malin+goetz recovery treatment oil||||https://shafa.ua/cosmetics/dlya-lica/maslo/99009722-vosstanavlivayushee-maslo-dlya-lica-malingoetz-recovery-treatment
60 грн|6|"<a href=""/cosmetics/dlya-volos/sredstva-dlya-zashchity/77903484-uvlyazhnyayushiy-povsednevnyy-krem-dlya-kontrolya-lokonov"" class=""b-tile-item-name-product js-b-tile-item"" data-event-action=""Open from seller shop"" data-event-label="""" data-is-made-in-ukraine=""0"" data-user-has-recent-activity=""1"" data-sale-status=""nonsale"" data-item-count=""13"" data-id=""77903484"" data-clerk-source="""" title=""Увляжняющий повседневный крем для контроля локонов кучерявых волос
kerastase curl manifesto creme de jour fondamentale"" winautomationvisibilitylandmark=""true"">
Увляжняющий повседневный крем для контроля локонов кучерявых волос
kerastase curl manifesto creme de jour fondamentale"|Увляжняющий повседневный крем для контроля локонов кучерявых волос
kerastase curl manifesto creme de jour fondamentale|||Kerastase|https://shafa.ua/cosmetics/dlya-volos/sredstva-dlya-zashchity/77903484-uvlyazhnyayushiy-povsednevnyy-krem-dlya-kontrolya-lokonov
65 грн|3|Крем для оформления локонов moroccanoil curl defining cream|Крем для оформления локонов moroccanoil curl defining cream|||Moroccanoil|https://shafa.ua/cosmetics/dlya-volos/stajling/gel-dlya-fiksacii/99988216-krem-dlya-oformleniya-lokonov-moroccanoil-curl-defining-cream
275 грн|6|"Эликсир для волос ""совершенство волос"" olaplex hair protector no. 3"|"Эликсир для волос ""совершенство волос"" olaplex hair protector no. 3"|||Olaplex|https://shafa.ua/cosmetics/dlya-volos/maski/84664596-eliksir-dlya-volos-sovershenstvo-volos-olaplex-hair-protector-no-3
110 грн|6|Пробник парфюмированная вода chanel chance eau tendre|Пробник парфюмированная вода chanel chance eau tendre|||Chanel|https://shafa.ua/cosmetics/parfyumeriya/probniki/99898166-probnik-parfyumirovannaya-voda-chanel-chance-eau-tendre
150 грн|3|Кондиционер-стайлер для кудрявых волос living proof curl enhancer|Кондиционер-стайлер для кудрявых волос living proof curl enhancer|||Living Proof|https://shafa.ua/cosmetics/dlya-volos/stajling/gel-dlya-fiksacii/99697369-kondicioner-stayler-dlya-kudryavyh-volos-living-proof-curl-enhancer
140 грн|3|Увлажняющая сыворотка с гиалуроновой кислотой peter thomas roth water drench hyaluronic cloud serum|Увлажняющая сыворотка с гиалуроновой кислотой peter thomas roth water drench hyaluronic cloud serum|||Peter Thomas Roth|https://shafa.ua/cosmetics/dlya-lica/sivorotki/96819319-uvlazhnyayushaya-syvorotka-s-gialuronovoy-kislotoy-peter-thomas-roth
160 грн|4|Праймер для лица tatcha the liquid silk canvas protective primer|Праймер для лица tatcha the liquid silk canvas protective primer|||Tatcha|https://shafa.ua/cosmetics/dekorativnaya/dlya-lica/prajmery/95643810-praymer-dlya-lica-tatcha-the-liquid-silk-canvas-protective-primer
325 грн|5|Ультра-легкая помада fenty beauty mattemoiselle plush matte lipstick|Ультра-легкая помада fenty beauty mattemoiselle plush matte lipstick|||Fenty Beauty by Rihanna|https://shafa.ua/cosmetics/dekorativnaya/dlya-gub/pomada/99699947-ultra-legkaya-tonkaya-pomada-fenty-beauty-mattemoiselle-plush-matte
60 грн|4|Пробник парфюмированная вода prada candy|Пробник парфюмированная вода prada candy|||Prada|https://shafa.ua/cosmetics/parfyumeriya/probniki/99695182-probnik-parfyumirovannaya-voda-prada-candy
90 грн|6|Коллагеновые патчи под глаза wilma schumann collagen eye pads|Коллагеновые патчи под глаза wilma schumann collagen eye pads|100 грн|-10%||https://shafa.ua/cosmetics/dlya-lica/maski/84665689-kollagenovye-patchi-pod-glaza-wilma-schumann-collagen-eye-pads
65 грн|9|Ниша! пробник парфюмированная вода tocca giulietta|Ниша! пробник парфюмированная вода tocca giulietta||||https://shafa.ua/cosmetics/parfyumeriya/probniki/94786767-nisha-probnik-parfyumirovannaya-voda-tocca-giulietta
745 грн|5|Пилинг для лица symbiosis london r+aha rose + glycolic acid rejuvenating gentle face exfoliator|Пилинг для лица symbiosis london r+aha rose + glycolic acid rejuvenating gentle face exfoliator||||https://shafa.ua/cosmetics/dlya-lica/ochishcheniya-lica/99009415-piling-dlya-lica-symbiosis-london-raha-rose-glycolic-acid
75 грн|5|Пробники тона nars soft matte complete foundation|Пробники тона nars soft matte complete foundation|||Nars|https://shafa.ua/cosmetics/dekorativnaya/dlya-lica/tonalnyj-krem/99695872-probniki-tona-nars-soft-matte-complete-foundation
55 грн|4|Увляжняющий крем для кучерявых волос kerastase curl manifesto creme|Увляжняющий крем для кучерявых волос kerastase curl manifesto creme|||Kerastase|https://shafa.ua/cosmetics/dlya-volos/sredstva-dlya-zashchity/99696361-uvlyazhnyayushiy-krem-dlya-k-kucheryavyh-volos-kerastase-curl
150 грн|20|Сияющий солнцезащитный крем для лица cay skin isle glow face lotion spf 45|Сияющий солнцезащитный крем для лица cay skin isle glow face lotion spf 45||||https://shafa.ua/cosmetics/dlya-lica/krem/94727837-siyayushiy-solncezashitnyy-krem-dlya-lica-cay-skin-isle-glow-face
1535 грн|14|Палетка теней viseart eye shadow palette 01 neutral matte|Палетка теней viseart eye shadow palette 01 neutral matte|||viseart|https://shafa.ua/cosmetics/dekorativnaya/dlya-glaz/teni/81616126-paletka-tenyay-viseart-eye-shadow-palette-01-neutral-matte
200 грн|3|Сыворотка с молочной кислотой sunday riley good genes all-in-one lactic acid treatment|Сыворотка с молочной кислотой sunday riley good genes all-in-one lactic acid treatment|||Sunday Riley|https://shafa.ua/cosmetics/dlya-lica/sivorotki/99500609-syvorotka-s-molochnoy-kislotoy-sunday-riley-good-genes-all-in-one
150 грн|21|Солнцезащитный крем для лица supergoop unseen sunscreen spf 40|Солнцезащитный крем для лица supergoop unseen sunscreen spf 40|||Supergoop|https://shafa.ua/cosmetics/dlya-lica/krem/96820280-solncezashitnyy-krem-dlya-lica-supergoop-unseen-sunscreen-spf-40
130 грн|7|Бальзам для снятия макияжа clinique take the day off cleansing balm|Бальзам для снятия макияжа clinique take the day off cleansing balm|||Clinique|https://shafa.ua/cosmetics/dekorativnaya/dlya-snyatiya-makiyazha/99011337-balzam-dlya-snyatiya-makiyazha-clinique-take-the-day-off-cleansing
300 грн|41|Бестселлер в сша! cолнцезащитный крем supergoop unseen sunscreen spf 40|Бестселлер в сша! cолнцезащитный крем supergoop unseen sunscreen spf 40|||Supergoop|https://shafa.ua/cosmetics/dlya-lica/krem/65119088-bestseller-v-ssha-colncezashitnyy-krem-supergoop-unseen-sunscreen
1535 грн|2|Профессиональная базовая палетка теней viseart eye shadow palette vpe 01 neutral matte|Профессиональная базовая палетка теней viseart eye shadow palette vpe 01 neutral matte|||viseart|https://shafa.ua/cosmetics/dekorativnaya/dlya-glaz/teni/99698573-professionalnaya-bazovaya-paletka-tenyay-viseart-eye-shadow-palette
275 грн|7|"Эликсир для волос ""совершенство волос"" olaplex hair protector no. 3"|"Эликсир для волос ""совершенство волос"" olaplex hair protector no. 3"|||Olaplex|https://shafa.ua/cosmetics/dlya-volos/balzamy/99502027-eliksir-dlya-volos-sovershenstvo-volos-olaplex-hair-protector-no-3
270 грн|5|Тушь для ресниц tarte cosmetics lights camera lashes 4-in-1 mascara|Тушь для ресниц tarte cosmetics lights camera lashes 4-in-1 mascara|||Tarte|https://shafa.ua/cosmetics/dekorativnaya/dlya-glaz/tush/99501319-tush-dlya-resnic-tarte-cosmetics-lights-camera-lashes-4-in-1-mascara
220 грн|4|Миндальное масло для душа l'occitane almond shower oil|Миндальное масло для душа l'occitane almond shower oil|||L'occitane|https://shafa.ua/cosmetics/telo-i-vanna/kosmetika/geli-dlya-dusha/98614866-mindalnoe-maslo-dlya-dusha-loccitane-almond-shower-oil
525 грн|6|Кисть для хайлайтера zoeva 105 luxe highlight оригинал!|Кисть для хайлайтера zoeva 105 luxe highlight оригинал!|||Zoeva|https://shafa.ua/cosmetics/aksessuary-dlya-krasoty/kisti/98615662-kist-dlya-haylaytera-zoeva-105-luxe-highlight-original
100 грн|15|Солнцезащитный крем innisfree daily uv defense sunscreen spf 36|Солнцезащитный крем innisfree daily uv defense sunscreen spf 36|||Innisfree|https://shafa.ua/cosmetics/dlya-lica/krem/94673044-solncezashitnyy-krem-innisfree-daily-uv-defense-sunscreen-spf-36
330 грн|25|Люкс! матовая помада charlotte tilbury matte revolution lipstick pillow talk 2|Люкс! матовая помада charlotte tilbury matte revolution lipstick pillow talk 2|||Charlotte Tilbury|https://shafa.ua/cosmetics/dekorativnaya/dlya-gub/pomada/95376030-lyuks-matovaya-pomada-charlotte-tilbury-matte-revolution-lipstick
130 грн|23|Стойкая помада для губ sephora cream lip stain|Стойкая помада для губ sephora cream lip stain|160 грн|-19%|Sephora|https://shafa.ua/cosmetics/dekorativnaya/dlya-gub/pomada/44401010-stoykaya-pomada-dlya-gub-sephora-cream-lip-stain
130 грн|12|Солнцезащитный крем fenty skin hydra vizor invisible moisturizer broad spectrum spf 30 sunscreen|Солнцезащитный крем fenty skin hydra vizor invisible moisturizer broad spectrum spf 30 sunscreen|||Fenty Beauty by Rihanna|https://shafa.ua/cosmetics/dlya-lica/krem/94724940-solncezashitnyy-krem-fenty-skin-hydra-vizor-invisible-moisturizer
265 грн|10|Мини матовая помада pat mcgrath lust matte trance lipstick collection|Мини матовая помада pat mcgrath lust matte trance lipstick collection|||Pat McGrath Labs|https://shafa.ua/cosmetics/dekorativnaya/dlya-gub/pomada/98667258-mini-matovaya-pomada-pat-mcgrath-lust-matte-trance-lipstick
600 грн|10|Витамин с в виде порошка vitabrid c12 face brightening powder|Витамин с в виде порошка vitabrid c12 face brightening powder||||https://shafa.ua/cosmetics/dlya-lica/krem/95573169-vitamin-s-v-vide-poroshka-vitabrid-c12-face-brightening-powder
540 грн|3|Премиум ночная сыворотка для лица avant pink orchid subtle restoring overnight serum|Премиум ночная сыворотка для лица avant pink orchid subtle restoring overnight serum|||Avant|https://shafa.ua/cosmetics/dlya-lica/sivorotki/99011816-premium-nochnaya-syvorotka-dlya-lica-avant-pink-orchid-subtle
120 грн|5|Брелок держатель для санитайзеров bath and body works rose gold glitter pocketbac holder|Брелок держатель для санитайзеров bath and body works  rose gold glitter pocketbac holder|||Bath And Body Works|https://shafa.ua/cosmetics/dezinficiruyushchie-sredstva/antiseptiki/99011005-brelok-derzhatel-dlya-sanitayzerov-bath-and-body-works-rose-gold
75 грн|4|Антисептик / санитайзер для рук bath & body works pocketbac sanitizer|Антисептик / санитайзер для рук bath & body works pocketbac sanitizer|||Bath And Body Works|https://shafa.ua/cosmetics/dezinficiruyushchie-sredstva/antiseptiki/99010610-antiseptik-sanitayzer-dlya-ruk-bath-body-works-pocketbac-sanitizer
100 грн|22|Восстанавливающая маска для поврежденных волос briogeo don’t despair, repair 30 мл|Восстанавливающая маска для поврежденных волос briogeo don’t despair, repair 30 мл|125 грн|-20%|Briogeo|https://shafa.ua/cosmetics/dlya-volos/maski/62452709-vosstanavlivayushaya-maska-dlya-povrezhdennyh-volos-briogeo-don_t
100 грн|4|Пробник унисекс аромата juliette has a gun - magnolia bliss|Пробник унисекс аромата juliette has a gun - magnolia bliss|||Juliette Has A Gun|https://shafa.ua/cosmetics/parfyumeriya/probniki/99012711-probnik-uniseks-aromata-juliette-has-a-gun-magnolia-bliss
250 грн|9|Легкий увлажняющий крем origins ginzing oil-free energy boosting gel moisturizer|Легкий увлажняющий крем origins ginzing oil-free energy boosting gel moisturizer|||Origins|https://shafa.ua/cosmetics/dlya-lica/krem/89573145-legkiy-uvlazhnyayushiy-krem-origins-ginzing-oil-free-energy-boosting
315 грн|6|Солнцезащитный крем для лица biossance squalane + zinc sheer mineral sunscreen spf 30|Солнцезащитный крем для лица biossance squalane + zinc sheer mineral sunscreen spf 30|||Biossance|https://shafa.ua/cosmetics/dlya-lica/krem/94723695-solncezashitnyy-krem-dlya-lica-biossance-squalane-zinc-sheer-mineral
500 грн|6|Солнцезащитный крем dr. dennis gross skincare all physical lightweight wrinkle defense spf30|Солнцезащитный крем dr. dennis gross skincare all physical lightweight wrinkle defense spf30|||Dr. Dennis Gross|https://shafa.ua/cosmetics/dlya-lica/krem/94725681-solncezashitnyy-krem-dr-dennis-gross-skincare-all-physical
250 грн|5|Кремовый пигмент для щек, глаз и губ jecca blac play pot - red touch|Кремовый пигмент для щек, глаз и губ jecca blac play pot - red touch||||https://shafa.ua/cosmetics/dekorativnaya/dlya-lica/rumyana/99012371-kremovyy-pigment-dlya-shek-glaz-i-gub-jecca-blac-play-pot-red-touch
130 грн|42|Мини тушь для ресниц rare beauty perfect strokes universal volumizing mascara|Мини тушь для ресниц rare beauty perfect strokes universal volumizing mascara|||Rare Beauty|https://shafa.ua/cosmetics/dekorativnaya/dlya-glaz/tush/81724852-mini-tush-dlya-resnic-rare-beauty-perfect-strokes-universal
300 грн|29|Пилинг хорошо очищающий поры origins modern friction nature's gentle dermabrasion|Пилинг хорошо очищающий поры origins modern friction nature's gentle dermabrasion|||Origins|https://shafa.ua/cosmetics/dlya-lica/ochishcheniya-lica/69762772-piling-horosho-ochishayushiy-pory-origins-modern-friction-natures
60 грн|6|Пробник парфюм ouai rue st. honore eau de parfum|Пробник парфюм ouai rue st. honore eau de parfum|||Ouai|https://shafa.ua/cosmetics/parfyumeriya/probniki/97329438-probnik-parfyum-ouai-rue-st-honore-eau-de-parfum
95 грн|14|Суперстойкий праймер под макияж urban decay all nighter face primer longwear foundation grip|Суперстойкий праймер под макияж urban decay all nighter face primer longwear foundation grip|100 грн|-5%|Urban Decay|https://shafa.ua/cosmetics/dekorativnaya/dlya-lica/baza-pod-makiyazh/86237047-superstoykiy-praymer-pod-makiyazh-urban-decay-all-nighter-face
620 грн|17|Спрей для закрепления макияжа anastasia beverly hills dewy set setting spray 100 мл без блесток!|Спрей для закрепления макияжа anastasia beverly hills dewy set setting spray 100 мл без блесток!|650 грн|-5%|Anastasia Beverly Hills|https://shafa.ua/cosmetics/dlya-lica/sprei/73003571-spryay-dlya-zakrepleniya-makiyazha-anastasia-beverly-hills-dewy-set
70 грн|7|Салфетка - отшелушивающий пилинг для тела dr. dennis gross exfoliating body treatment|Салфетка - отшелушивающий пилинг для тела dr. dennis gross exfoliating body treatment|80 грн|-13%|Dr. Dennis Gross|https://shafa.ua/cosmetics/telo-i-vanna/uhod/krem-dlya-tela/76860586-salfetka-otshelushivayushiy-piling-dlya-tela-dr-dennis-gross
85 грн|3|Пробник легкий увлажняющий крем charlotte tilbury magic cream light moisturiser|Пробник легкий увлажняющий крем charlotte tilbury magic cream light moisturiser|||Charlotte Tilbury|https://shafa.ua/cosmetics/dlya-lica/krem/73176885-probnik-legkiy-uvlazhnyayushiy-krem_charlotte-tilbury-magic-cream
115 грн|13|Золотистый хайлайтер space case seen from space 1b, сша|Золотистый хайлайтер space case seen from space 1b, сша|130 грн|-12%||https://shafa.ua/cosmetics/dekorativnaya/dlya-lica/hajlajtery/69981149-zolotistyy-haylayter-space-case-seen-from-space-1b-ssha
90 грн|7|Увлажняющий тоник с гиалуроновой кислотой elizabeth mott hydrating hyaluronic toner|Увлажняющий тоник с гиалуроновой кислотой elizabeth mott hydrating hyaluronic toner||||https://shafa.ua/cosmetics/dlya-lica/toniki/69763823-uvlazhnyayushiy-tonik-s-gialuronovoy-kislotoy-elizabeth-mott
150 грн|6|Скраб пиллинг для лица kate somerville exfolikate intensive pore exfoliating treatment|Скраб пиллинг для лица kate somerville exfolikate intensive pore exfoliating treatment|||Kate Somerville|https://shafa.ua/cosmetics/dlya-lica/ochishcheniya-lica/96817878-skrab-pilling-dlya-lica-kate-somerville-exfolikate-intensive-pore
165 грн|18|Увлажняющая ночная маска drunk elephant f-balm electrolyte waterfacial|Увлажняющая ночная маска drunk elephant f-balm electrolyte waterfacial|||Drunk Elephant|https://shafa.ua/cosmetics/dlya-lica/maski/75682718-uvlazhnyayushaya-nochnaya-maska-drunk-elephant-f-balm-electrolyte
425 грн|5|Антивозрастная сыворотка для глаз epionce luminous eye serum 15 мл за $64!|Антивозрастная сыворотка для глаз epionce luminous eye serum 15 мл за $64!||||https://shafa.ua/cosmetics/dlya-lica/sivorotki/97447098-antivozrastnaya-syvorotka-dlya-glaz-epionce-luminous-eye-serum-15-ml
115 грн|17|Спрей для расчесывания и мгновенного увлажнения living proof restore perfecting spray|Спрей для расчесывания и мгновенного увлажнения living proof restore perfecting spray|||Living Proof|https://shafa.ua/cosmetics/dlya-volos/sprei/86244308-spryay-dlya-raschesyvaniya-i-mgnovennogo-uvlazhneniya-living-proof
645 грн|5|Премиальный крем для контура глаз dr.brandt triple antioxidant eye cream 15мл!|Премиальный крем для контура глаз dr.brandt triple antioxidant eye cream 15мл!|1400 грн|-54%|Dr. Brandt|https://shafa.ua/cosmetics/dlya-lica/krem/93765779-premialnyy-krem-dlya-kontura-glaz-drbrandt-triple-antioxidant-eye
50 грн|29|Уценка! матирующий солнцезащитный крем для лица ren mattifying screen spf 30|Уценка! матирующий солнцезащитный крем для лица ren mattifying screen spf 30|70 грн|-29%|REN|https://shafa.ua/cosmetics/telo-i-vanna/uhod/sredstva-dlya-zagara/43814242-matiruyushiy-solncezashitnyy-krem-dlya-lica-ren-mattifying-screen
275 грн|10|Финишная блюрящая пудра one size by patrick starrr ultimate blurring setting powder|Финишная блюрящая пудра one size by patrick starrr ultimate blurring setting powder||||https://shafa.ua/cosmetics/dekorativnaya/dlya-lica/pudra/98666819-finishnaya-blyuryashaya-pudra-one-size-by-patrick-starrr-ultimate
290 грн|7|Освежающий спрей тоник / мист disciple juicy mist|Освежающий спрей тоник / мист disciple juicy mist|300 грн|-4%||https://shafa.ua/cosmetics/dlya-lica/sprei/78227267-osvezhayushiy-spryay-tonik-mist-disciple-juicy-mist
110 грн|10|Увлажняющий крем для лица belif the true cream aqua bomb|Увлажняющий крем для лица belif the true cream aqua bomb||||https://shafa.ua/cosmetics/dlya-lica/krem/62447550-uvlazhnyayushiy-krem-dlya-lica-belif-the-true-cream-aqua-bomb
600 грн|12|🔥 нишевая миниатюра унисекс парфюма maison margiela replica by the fireplace 🔥|🔥 нишевая миниатюра унисекс парфюма maison margiela replica by the fireplace 🔥|||Maison Martin Margiela|https://shafa.ua/cosmetics/parfyumeriya/parfyumirovannaya-voda/98613842-originalnaya-miniatyura-uniseks-parfyuma-maison-margiela-replica-by
190 грн|14|Черная подводка с фетровым кончиком rockins big fat liner kohl marker pen|Черная подводка с фетровым кончиком rockins big fat liner kohl marker pen||||https://shafa.ua/cosmetics/dekorativnaya/dlya-glaz/podvodka/73182705-chernaya-podvodka-s-fetrovym-konchikom-rockins-big-fat-liner
150 грн|11|Кисть для теней real techniques 300 deluxe crease brush|Кисть для теней real techniques 300 deluxe crease brush||||https://shafa.ua/cosmetics/aksessuary-dlya-krasoty/kisti/93768409-kist-dlya-tenyay-real-techniques-300-deluxe-crease-brush
675 грн|15|Жемчужное зеркало-свинка jeffree star pig hand mirror|Жемчужное зеркало-свинка jeffree star pig hand mirror||||https://shafa.ua/cosmetics/aksessuary-dlya-krasoty/zerkala/95425879-zhemchuzhnoe-zerkalo-svinka-jeffree-star-pig-hand-mirror
150 грн|9|Капли для автозагара isle of paradise medium self tanning drops|Капли для автозагара isle of paradise medium self tanning drops|||isle|https://shafa.ua/cosmetics/dlya-lica/sivorotki/94669958-kapli-dlya-avtozagara-isle-of-paradise-medium-self-tanning-drops
65 грн|8|Антисептик / санитайзер для рук bath & body works pocketbac sanitizer|Антисептик / санитайзер для рук bath & body works pocketbac sanitizer|75 грн|-14%|Bath And Body Works|https://shafa.ua/cosmetics/dezinficiruyushchie-sredstva/antiseptiki/62455891-antiseptik-sanitayzer-dlya-ruk-bath-body-works-pocketbac-sanitizer
325 грн|3|Скраб для губ avant velvet perfecting rose sugar lip scrub|Скраб для губ avant velvet perfecting rose sugar lip scrub|||Avant|https://shafa.ua/cosmetics/dekorativnaya/dlya-gub/balzamy/98668611-skrab-dlya-gub-avant-velvet-perfecting-rose-sugar-lip-scrub
110 грн|5|Пробник парфюмированная вода chanel chance eau tendre оригинал|Пробник парфюмированная вода chanel chance eau tendre оригинал|||Chanel|https://shafa.ua/cosmetics/parfyumeriya/probniki/95426205-probnik-parfyumirovannaya-voda-chanel-chance-eau-tendre
445 грн|48|Одеколон jo malone london english pear & freesia, оригинал|Одеколон jo malone london english pear & freesia, оригинал|470 грн|-6%|Jo Malone|https://shafa.ua/cosmetics/parfyumeriya/parfyumirovannaya-voda/74924500-odekolon-jo-malone-london-english-pear-freesia-original
245 грн|10|Супер стойкая матовая помада jeffree star cosmetics velour liquid lipstick|Супер стойкая матовая помада jeffree star cosmetics velour liquid lipstick||||https://shafa.ua/cosmetics/dekorativnaya/dlya-gub/pomada/93769044-super-stoykaya-matovaya-pomada-jeffree-star-cosmetics-velour-liquid
225 грн|8|Скраб для тела first aid beauty kp bump eraser body scrub with 10% aha|Скраб для тела first aid beauty kp bump eraser body scrub with 10% aha||||https://shafa.ua/cosmetics/telo-i-vanna/kosmetika/skraby/74923017-skrab-dlya-tela-first-aid-beauty-kp-bump-eraser-body-scrub-with-10
330 грн|77|Легендарная восстанавливающая сыворотка estee lauder advanced night repair complex ii|Легендарная восстанавливающая сыворотка estee lauder advanced night repair complex ii|||Estee Lauder|https://shafa.ua/cosmetics/dlya-lica/sivorotki/43814003-legendarnaya-vosstanavlivayushaya-syvorotka-estee-lauder-advanced
230 грн|19|Люкс! база под макияж с частичками, золота guerlain lor radiance concentrate with pure gold|Люкс! база под макияж с частичками, золота guerlain lor radiance concentrate with pure gold|||Guerlain|https://shafa.ua/cosmetics/dekorativnaya/dlya-lica/baza-pod-makiyazh/76617991-lyuks-baza-pod-makiyazh-s-chastichkami-zolota-guerlain-lor-radiance
400 грн|5|Гель для умывания с ромашкой и календулой honest beauty gentle gel cleanser|Гель для умывания с ромашкой и календулой honest beauty gentle gel cleanser||||https://shafa.ua/cosmetics/dlya-lica/ochishcheniya-lica/97330580-gel-dlya-umyvaniya-s-romashkoy-i-kalenduloy-honest-beauty-gentle-gel
220 грн|9|Миниатюра парфюмированная вода yves saint laurent libre|Миниатюра парфюмированная вода yves saint laurent libre|||Yves Saint Laurent|https://shafa.ua/cosmetics/parfyumeriya/probniki/94786401-miniatyura-parfyumirovannaya-voda-yves-saint-laurent-libre
90 грн|15|Палетка пробников - консилер too faced born this way super coverage multi-use concealer|Палетка пробников - консилер too faced born this way super coverage multi-use concealer|||Too Faced|https://shafa.ua/cosmetics/dekorativnaya/dlya-lica/tonalnyj-krem/79047899-paletka-probnikov-tonalnaya-osnova-too-faced-born-this-way
475 грн|12|Блеск для губ jeffree star lip gloss|Блеск для губ jeffree star lip gloss||||https://shafa.ua/cosmetics/dekorativnaya/dlya-gub/blesk/95645963-blesk-dl-gub-jeffree-star-lip-gloss
125 грн|6|Легкий солнцезащитный крем для лица sunday riley light hearted broad spectrum spf 30 sunscreen|Легкий солнцезащитный крем для лица sunday riley light hearted broad spectrum spf 30 sunscreen|||Sunday Riley|https://shafa.ua/cosmetics/dlya-lica/krem/94603459-legkiy-solncezashitnyy-krem-dlya-lica-sunday-riley-light-hearted
60 грн|5|Питательный и очищающий бальзам для лица banila co clean it zero cleansing balm nourishing|Питательный и очищающий бальзам для лица banila co clean it zero cleansing balm nourishing||||https://shafa.ua/cosmetics/dlya-lica/ochishcheniya-lica/94672344-pitatelnyy-i-ochishayushiy-balzam-dlya-lica-banila-co-clean-it-zero
200 грн|9|Интенсивно увлажняющий крем first aid beauty ultra repair cream intense hydration|Интенсивно увлажняющий крем first aid beauty ultra repair cream intense hydration|||First Aid Beauty|https://shafa.ua/cosmetics/dlya-lica/krem/93768782-intensivno-uvlazhnyayushiy-krem-first-aid-beauty-ultra-repair-cream
450 грн|16|Антивозрастной крем payot supreme jeunesse le soin pro-age, 15мл|Антивозрастной крем payot supreme jeunesse le soin pro-age, 15мл|475 грн|-6%|PAYOT|https://shafa.ua/cosmetics/dlya-lica/krem/78213895-antivozrastnoy-krem-payot-supreme-jeunesse-le-soin-pro-age
125 грн|6|Набор: шампунь и кондиционер от желтизны волос amika bust your brass cool blonde|Набор: шампунь и кондиционер от желтизны волос amika bust your brass cool blonde|||Amika|https://shafa.ua/cosmetics/dlya-volos/toniruyushchie-sredstva/86238998-nabor-shampun-i-kondicioner-ot-zheltizny-volos-amika-bust-your-brass
325 грн|26|Супер сияющие тени / спаркл dose of colors block party eyeshadow, сша|Супер сияющие тени / спаркл dose of colors block party eyeshadow, сша||||https://shafa.ua/cosmetics/dekorativnaya/dlya-glaz/teni/54862162-super-siyayushie-teni-dose-of-colors-block-party-eyeshadow-ssha
350 грн|18|Цветная питательная маска для губ tarte sea jelly glaze anytime lip mask|Цветная питательная маска для губ tarte sea jelly glaze anytime lip mask|||Tarte|https://shafa.ua/cosmetics/dekorativnaya/dlya-gub/balzamy/73171812-cvetnaya-pitatelnaya-maska-dlya-gub-tarte-sea-jelly-glaze-anytime
470 грн|16|Локальный гель против акне с серой by wishtrend sulfur 3% clean gel|Локальный гель против акне с серой by wishtrend sulfur 3% clean gel||||https://shafa.ua/cosmetics/dlya-lica/krem/88684245-lokalnyy-gel-protiv-akne-s-seroy-by-wishtrend-sulfur-3-clean-gel
110 грн|14|Эссенция для сияния лица kiehls ferulic brew rejuvenating facial essence|Эссенция для сияния лица kiehls ferulic brew rejuvenating facial essence|||Kiehl's|https://shafa.ua/cosmetics/dlya-lica/sivorotki/88691947-essenciya-dlya-siyaniya-lica-kiehls-ferulic-brew-rejuvenating-facial
55 грн|7|Пробник парфюмированная вода burberry her|Пробник парфюмированная вода burberry her|||Burberry|https://shafa.ua/cosmetics/parfyumeriya/probniki/94671522-probnik-parfyumirovannaya-voda-burberry-her
80 грн|9|Пробник - тональный крем it cosmetics your skin but better foundation|Пробник - тональный крем it cosmetics your skin but better foundation|||IT Cosmetics|https://shafa.ua/cosmetics/dekorativnaya/dlya-lica/tonalnyj-krem/81230740-probnik-tonalnyy-krem-it-cosmetics-your-skin-but-better-foundation
200 грн|24|Сыворотка вокруг глаз от морщин и темных кругов kiehls eye serum|Сыворотка вокруг глаз от морщин и темных кругов kiehls eye serum|||Kiehl's|https://shafa.ua/cosmetics/dlya-lica/sivorotki/86239724-syvorotka-vokrug-glaz-ot-morshin-i-temnyh-krugov-kiehls-eye-serum
200 грн|17|Мини карандаш для бровей anastasia beverly hills brow wiz оригинал|Мини карандаш для бровей anastasia beverly hills brow wiz оригинал|||Anastasia Beverly Hills|https://shafa.ua/cosmetics/dekorativnaya/dlya-brovej/karandashi/89572213-mini-karandash-dlya-brovyay-anastasia-beverly-hills-brow-wiz
400 грн|5|Ухаживающий блеск для губ с spf ultra violette spf50 lip balm|Ухаживающий блеск для губ с spf ultra violette spf50 lip balm||||https://shafa.ua/cosmetics/dekorativnaya/dlya-gub/blesk/95642017-uhazhivayushiy-blesk-dlya-gub-s-spf-ultra-violette-spf50-lip-balm
460 грн|11|Супер стойкая нюдовая матовая помада jeffree star cosmetics velour liquid lipstick|Супер стойкая нюдовая матовая помада jeffree star cosmetics velour liquid lipstick||||https://shafa.ua/cosmetics/dekorativnaya/dlya-gub/pomada/95427877-super-stoykaya-nyudovaya-matovaya-pomada-jeffree-star-cosmetics
190 грн|11|Увлажняющий лосьон для тела caudalie tan prolonging after sun lotion|Увлажняющий лосьон для тела caudalie tan prolonging after sun lotion|||Caudalie|https://shafa.ua/cosmetics/telo-i-vanna/uhod/krem-dlya-tela/86237418-uvlazhnyayushiy-loson-dlya-tela-caudalie-tan-prolonging-after-sun
60 грн|3|Баттер / крем для тела fenty skin butta drop whipped oil body cream 8 мл|Баттер / крем для тела fenty skin butta drop whipped oil body cream 8 мл|75 грн|-20%|Fenty Beauty by Rihanna|https://shafa.ua/cosmetics/telo-i-vanna/uhod/krem-dlya-tela/86240341-batter-krem-dlya-tela-fenty-skin-butta-drop-whipped-oil-body-cream-8
25 грн|3|Жевательные витамины для здоровья волос hum nutrition hair sweet hair|Жевательные витамины для здоровья волос hum nutrition hair sweet hair||||https://shafa.ua/cosmetics/domashnyaya-apteka/bav/96819709-zhevatelnye-vitaminy-dlya-zdorovya-volos-hum-nutrition-hair-sweet
425 грн|16|Блеск-плампер too faced lip injection power plumping lip gloss|Блеск-плампер too faced lip injection power plumping lip gloss|||Too Faced|https://shafa.ua/cosmetics/dekorativnaya/dlya-gub/blesk/88195498-blesk-plamper-too-faced-lip-injection-power-plumping-lip-gloss
475 грн|10|Большая черная лаковая косметичка jeffree star shane x jeffree conspiracy|Большая черная лаковая косметичка jeffree star shane x jeffree conspiracy||||https://shafa.ua/cosmetics/aksessuary-dlya-krasoty/kosmetichki/95570319-bolshaya-chernaya-lakovaya-kosmetichka-jeffree-star-shane-x-jeffree
420 грн|18|Палетка теней kaleidos makeup futurism ii: cyber bronze оригинал|Палетка теней kaleidos makeup futurism ii: cyber bronze оригинал||||https://shafa.ua/cosmetics/dekorativnaya/dlya-glaz/teni/81744883-paletka-tenyay-kaleidos-makeup-futurism-ii-cyber-bronze-original
140 грн|6|База под макияж / праймер yves saint laurent nu glow in balm|База под макияж / праймер yves saint laurent nu glow in balm|||Yves Saint Laurent|https://shafa.ua/cosmetics/dekorativnaya/dlya-lica/prajmery/95427491-baza-pod-makiyazh-praymer-yves-saint-laurent-nu-glow-in-balm
490 грн|10|Набор для гладкости волос living proof no frizz : шампунь, кондиционер и маска|Набор для гладкости волос living proof no frizz : шампунь, кондиционер и маска|525 грн|-7%|Living Proof|https://shafa.ua/cosmetics/dlya-volos/kondicionery/81614758-nabor-dlya-gladkosti-volos-living-proof-no-frizz-shampun-kondicioner
75 грн|7|Матовая помада melt ultra-matte lipstick|Матовая помада melt ultra-matte lipstick|90 грн|-17%||https://shafa.ua/cosmetics/dekorativnaya/dlya-gub/pomada/81720249-matovaya-pomada-melt-ultra-matte-lipstick
950 грн|4|Люкс! сыворотка-бустер для сияния кожи 111skin rose gold radiance booster 20 мл|Люкс! сыворотка-бустер для сияния кожи 111skin rose gold radiance booster 20 мл|||111SKIN|https://shafa.ua/cosmetics/dlya-lica/sivorotki/97062761-lyuks-syvorotka-buster-dlya-siyaniya-kozhi-111skin-rose-gold
115 грн|17|Увлажняющий тонер cosrx hydrium watery toner 30 мл|Увлажняющий тонер cosrx hydrium watery toner 30 мл|||Cosrx|https://shafa.ua/cosmetics/dlya-lica/toniki/81745623-uvlazhnyayushiy-toner-cosrx-hydrium-watery-toner-30-ml
375 грн|11|Роликовый парфюм victoria's secret bombshell oud eau de parfume rollerball|Роликовый парфюм victoria's secret bombshell oud eau de parfume rollerball|||Victoria's Secret|https://shafa.ua/cosmetics/parfyumeriya/parfyumirovannaya-voda/84660574-rolikovyy-parfyum-victorias-secret-bombshell-oud-eau-de-parfume
100 грн|8|Увлажняющий праймер / база под макияж milk makeup hydro grip primer|Увлажняющий праймер / база под макияж milk makeup hydro grip primer|110 грн|-10%|Milk|https://shafa.ua/cosmetics/dekorativnaya/dlya-lica/prajmery/80493972-uvlazhnyayushiy-praymer-baza-pod-makiyazh-milk-makeup-hydro-grip
120 грн|8|Солнцезащитный лосьон для лица и тела shiseido expert sun protection face and body lotion spf50|Солнцезащитный лосьон для лица и тела shiseido expert sun protection face and body lotion spf50|||Shiseido|https://shafa.ua/cosmetics/telo-i-vanna/uhod/sredstva-dlya-zagara/86853385-solncezashitnyy-loson-dlya-lica-i-tela-shiseido-expert-sun
50 грн|10|Пробник парфюмированная вода giorgio armani my way|Пробник парфюмированная вода giorgio armani my way|||Giorgio Armani|https://shafa.ua/cosmetics/parfyumeriya/probniki/93766348-probnik-parfyumirovannaya-voda-giorgio-armani-my-way
125 грн|5|Укрепляющая тушь milk rise lifting + lengthening mascara|Укрепляющая тушь milk rise lifting + lengthening mascara|||Milk|https://shafa.ua/cosmetics/dekorativnaya/dlya-glaz/tush/96822267-ukreplyayushaya-tush-milk-rise-lifting-lengthening-mascara
140 грн|7|Салфетки для снятия макияжа clinique take the day off micellar cleansing towelettes|Салфетки для снятия макияжа clinique take the day off micellar cleansing towelettes|||Clinique|https://shafa.ua/cosmetics/dekorativnaya/dlya-snyatiya-makiyazha/90476081-salfetki-dlya-snyatiya-makiyazha-clinique-take-the-day-off-micellar
85 грн|9|Палетка кремовый пигмент danessa myricks beauty vision flush blush, eyeshadow and lip color|Палетка кремовый пигмент danessa myricks beauty vision flush blush, eyeshadow and lip color||||https://shafa.ua/cosmetics/dekorativnaya/dlya-glaz/teni/86850762-paletka-kremovyy-pigment-danessa-myricks-beauty-vision-flush-blush
500 грн|12|Сыворотка / крем для волос living proof perfect hair day 5-in-1 styling treatment, 118мл|Сыворотка / крем для волос living proof perfect hair day 5-in-1 styling treatment, 118мл|||Living Proof|https://shafa.ua/cosmetics/dlya-volos/masla/94992111-syvorotka-krem-dlya-volos-living-proof-perfect-hair-day-5-in-1
50 грн|16|Уценка! матирующий солнцезащитный крем для лица ren mattifying screen spf 30|Уценка! матирующий солнцезащитный крем для лица ren mattifying screen spf 30||||https://shafa.ua/cosmetics/dlya-lica/krem/62447241-matiruyushiy-solncezashitnyy-krem-dlya-lica-ren-mattifying-screen
140 грн|6|Несмываемый кондиционер для волос ouai leave-in conditioner|Несмываемый кондиционер для волос ouai leave-in conditioner|||Ouai|https://shafa.ua/cosmetics/dlya-volos/masla/97061813-nesmyvaemyy-kondicioner-dlya-volos-ouai-leave-in-conditioner
385 грн|9|Спаркл / супер сияющие тени touch in sol metallist sparkling foiled pigment #7 aurora taupe|Спаркл / супер сияющие тени touch in sol metallist sparkling foiled pigment #7 aurora taupe||||https://shafa.ua/cosmetics/dekorativnaya/dlya-glaz/teni/81747011-sparkl-super-siyayushie-teni-touch-in-sol-metallist-sparkling-foiled
345 грн|6|Палетка теней ace beaute eyeshadow palette falling for you|Палетка теней ace beaute eyeshadow palette falling for you||||https://shafa.ua/cosmetics/dekorativnaya/dlya-glaz/teni/82133093-paletka-tenyay-ace-beaute-eyeshadow-palette-falling-for-you
165 грн|11|Крем / масло для гладкости волос alterna caviar anti-aging smoothing anti-frizz blowout|Крем / масло для гладкости волос alterna caviar anti-aging smoothing anti-frizz blowout|||Alterna|https://shafa.ua/cosmetics/dlya-volos/masla/85474877-krem-maslo-dlya-gladkosti-volos-alterna-caviar-anti-aging-smoothing
95 грн|4|Сухой шампунь amika perk up dry shampoo сша|Сухой шампунь amika perk up dry shampoo сша|||Amika|https://shafa.ua/cosmetics/dlya-volos/shampuni/90553276-suhoy-shampun-amika-perk-up-dry-shampoo-ssha
80 грн|10|Палетка пробников помад sephora collection lipstories lipstick|Палетка пробников помад sephora collection lipstories lipstick|90 грн|-12%|Sephora|https://shafa.ua/cosmetics/dekorativnaya/dlya-gub/pomada/64343515-paletka-probnikov-pomad-sephora-collection-lipstories-lipstick
130 грн|6|Бальзам для снятия макияжа clinique take the day off cleansing balm|Бальзам для снятия макияжа clinique take the day off cleansing balm|||Clinique|https://shafa.ua/cosmetics/dekorativnaya/dlya-snyatiya-makiyazha/90555816-balzam-dlya-snyatiya-makiyazha-clinique-take-the-day-off-cleansing
150 грн|11|Увлажняющий шампунь alterna caviar anti-aging replenishing moisture shampoo|Увлажняющий шампунь alterna caviar anti-aging replenishing moisture shampoo|||Alterna|https://shafa.ua/cosmetics/dlya-volos/shampuni/85688684-uvlazhnyayushiy-shampun-alterna-caviar-anti-aging-replenishing
400 грн|5|Ухаживающая тушь для ресниц с пептидами grande cosmetics grande conditioning peptide mascara|Ухаживающая тушь для ресниц с пептидами grande cosmetics grande conditioning peptide mascara|||Grande Cosmetics|https://shafa.ua/cosmetics/dekorativnaya/dlya-glaz/tush/95567380-uhazhivayushaya-tush-dlya-resnic-s-peptidami-grande-cosmetics-grande
50 грн|6|Пробник парфюмированная вода viktor & rolf flowerbomb ruby orchid|Пробник парфюмированная вода viktor & rolf flowerbomb ruby orchid|||Viktor & Rolf|https://shafa.ua/cosmetics/parfyumeriya/probniki/96822829-probnik-parfyumirovannaya-voda-viktor-rolf-flowerbomb-ruby-orchid
120 грн|6|Золотистый хайлайтер space case seen from space 1-e|Золотистый хайлайтер space case seen from space 1-e||||https://shafa.ua/cosmetics/dekorativnaya/dlya-lica/hajlajtery/81228555-zolotistyy-haylayter-space-case-seen-from-space-1-e
120 грн|26|Супер цена! матовая помада для губ sephora cream lip stain 27 black cherry|Супер цена! матовая помада для губ sephora cream lip stain 27 black cherry|135 грн|-12%|Sephora|https://shafa.ua/cosmetics/dekorativnaya/dlya-gub/pomada/55998377-matovaya-pomada-dlya-gub-sephora-cream-lip-stain-27-black-cherry
75 грн|3|Палетка пробников тональный крем beautyblender bounce liquid foundation|Палетка пробников тональный крем beautyblender bounce liquid foundation|||Beauty Blender|https://shafa.ua/cosmetics/dekorativnaya/dlya-lica/tonalnyj-krem/88693355-paletka-probnikov-tonalnyy-krem-beautyblender-bounce-liquid
185 грн|26|Кремовые румяна в стике tre'stique color & contour blush stick, сша|Кремовые румяна в стике tre'stique color & contour blush stick, сша|200 грн|-8%||https://shafa.ua/cosmetics/dekorativnaya/dlya-lica/rumyana/68409231-kremovye-rumyana-v-stike-trestique-color-contour-blush-stick-ssha
475 грн|18|Масло для лица для проблемной и нормальной кожи keep cool ocean deep blue oil, 25 мл|Масло для лица для проблемной и нормальной кожи keep cool ocean deep blue oil, 25 мл|499 грн|-5%||https://shafa.ua/cosmetics/dlya-lica/maslo/61376816-maslo-dlya-lica-dlya-problemnoy-i-normalnoy-kozhi-keep-cool-ocean
300 грн|4|Lavish набор кистей для макияжа глаз|Lavish набор кистей для макияжа глаз||||https://shafa.ua/cosmetics/aksessuary-dlya-krasoty/kisti/97059635-lavish-nabor-kistyay-dlya-makiyazha-glaz
55 грн|5|Пробник парфюмированная вода thierry mugler alien|Пробник парфюмированная вода thierry mugler alien|||Thierry Mugler|https://shafa.ua/cosmetics/parfyumeriya/probniki/93715681-probnik-parfyumirovannaya-voda-thierry-mugler-alien
300 грн|5|Витамины hum nutrition here comes the sun d3|Витамины hum nutrition here comes the sun d3||||https://shafa.ua/cosmetics/domashnyaya-apteka/bav/95646418-vitaminy-hum-nutrition-here-comes-the-sun-d3
675 грн|6|Компактная пудра kat von d lock-it powder foundation|Компактная пудра kat von d lock-it powder foundation|||Kat Von D|https://shafa.ua/cosmetics/dekorativnaya/dlya-lica/pudra/92310165-kompaktnaya-pudra-kat-von-d-lock-it-powder-foundation
75 грн|3|Палетка тональный крем danessa myricks beauty vision cream cover adjustable foundation & concealer|Палетка тональный крем danessa myricks beauty vision cream cover adjustable foundation & concealer||||https://shafa.ua/cosmetics/dekorativnaya/dlya-lica/tonalnyj-krem/86854152-paletka-tonalnyy-krem-danessa-myricks-beauty-vision-cream-cover
395 грн|9|Палетка теней и румян estee lauder pure color envy eyeshadow & cheek palette candy glam|Палетка теней и румян estee lauder pure color envy eyeshadow & cheek palette candy glam|450 грн|-13%|Estee Lauder|https://shafa.ua/cosmetics/dekorativnaya/dlya-glaz/teni/87090261-paletka-tenyay-i-rumyan-estee-lauder-pure-color-envy-eyeshadow-cheek
450 грн|12|Палетка для макияжа thebalm alternative rock vol. 1|Палетка для макияжа thebalm alternative rock vol. 1||||https://shafa.ua/cosmetics/dekorativnaya/nabory/87098141-paletka-dlya-makiyazha-the-balm-alternative-rock-vol-1
130 грн|7|Крем для проблемной кожи herbivore aquarius pore purifying bha cream|Крем для проблемной кожи herbivore aquarius pore purifying bha cream|150 грн|-14%||https://shafa.ua/cosmetics/dlya-lica/krem/81722312-krem-dlya-problemnoy-kozhi-herbivore-aquarius-pore-purifying-bha
300 грн|14|Пилинг хорошо очищающий поры origins modern friction nature's gentle dermabrasion, сша|Пилинг хорошо очищающий поры origins modern friction nature's gentle dermabrasion, сша|||Origins|https://shafa.ua/cosmetics/dlya-lica/ochishcheniya-lica/57157816-piling-horosho-ochishayushiy-pory-origins-modern-friction-natures
90 грн|7|Однушка тени lorac pro palette eye shadow refill - sand dune|Однушка тени lorac pro palette eye shadow refill - sand dune|100 грн|-10%||https://shafa.ua/cosmetics/dekorativnaya/dlya-glaz/teni/85723703-odnushka-teni-lorac-pro-palette-eye-shadow-refill-sand-dune
95 грн|13|Сухой шампунь amika perk up dry shampoo, сша|Сухой шампунь amika perk up dry shampoo, сша|115 грн|-18%||https://shafa.ua/cosmetics/dlya-volos/sprei/57163236-suhoy-shampun-amika-perk-up-dry-shampoo-ssha
315 грн|7|Солнцезащитный крем для лица biossance squalane + zinc sheer mineral sunscreen spf 30|Солнцезащитный крем для лица biossance squalane + zinc sheer mineral sunscreen spf 30||||https://shafa.ua/cosmetics/dlya-lica/krem/65725920-solncezashitnyy-krem-dlya-kozhi-lica-biossance-squalane-zinc-sheer
350 грн|3|Люксовая успокаивающая сыворотка saint jane luxury beauty serum|Люксовая успокаивающая сыворотка saint jane luxury beauty serum||||https://shafa.ua/cosmetics/dlya-lica/sivorotki/97380384-lyuksovaya-uspokaivayushaya-syvorotka-saint-jane-luxury-beauty-serum
75 грн|5|Набор пробников продля окрашеных волос color wow: шампунь + кондиционер защита цвета|Набор пробников продля окрашеных волос color wow: шампунь + кондиционер защита цвета||||https://shafa.ua/cosmetics/dlya-volos/shampuni/93767541-nabor-probnikov-prodlya-okrashenyh-volos-color-wow-shampun
150 грн|14|База/праймер для макияжа urban decay all nighter face primer|База/праймер для макияжа urban decay all nighter face primer|175 грн|-15%|Urban Decay|https://shafa.ua/cosmetics/dekorativnaya/dlya-lica/baza-pod-makiyazh/49676030-bazapraymer-dlya-makiyazha-urban-decay-all-nighter-face-primer
270 грн|7|Сухой шампунь для волос living proof perfect hair day dry shampoo|Сухой шампунь для волос living proof perfect hair day dry shampoo|||Living Proof|https://shafa.ua/cosmetics/dlya-volos/shampuni/94787876-suhoy-shampun-dlya-volos-living-proof-perfect-hair-day-dry-shampoo
115 грн|30|Несмываемый кондиционер для волос ouai leave-in conditioner для идеальной гладкости волос|Несмываемый кондиционер для волос ouai leave-in conditioner для идеальной гладкости волос|140 грн|-18%||https://shafa.ua/cosmetics/dlya-volos/kondicionery/47065461-nesmyvaemyy-kondicioner-dlya-volos-ouai-leave-in-conditioner-dlya
90 грн|4|Очищающий гель для умывания fresh soy face cleanser, хит из сша|Очищающий гель для умывания fresh soy face cleanser, хит из сша|100 грн|-10%|Fresh|https://shafa.ua/cosmetics/dlya-lica/ochishcheniya-lica/93714883-ochishayushiy-gel-dlya-umyvaniya-fresh-soy-face-cleanser-hit-iz-ssha
240 грн|4|Солнцезащитная сыворотка для чувствительной кожи zitsticka megashade breakout-proof spf 50 serum|Солнцезащитная сыворотка для чувствительной кожи zitsticka megashade breakout-proof spf 50 serum||||https://shafa.ua/cosmetics/dlya-lica/sivorotki/95644538-solncezashitnaya-syvorotka-dlya-chuvstvitelnoy-kozhi-zitsticka
220 грн|6|Мини мужская парфюмированная вода yves saint laurent y|Мини мужская парфюмированная вода yves saint laurent y|||Yves Saint Laurent|https://shafa.ua/cosmetics/parfyumeriya/parfyumirovannaya-voda/93958973-mini-muzhskaya-parfyumirovannaya-voda-yves-saint-laurent-y
250 грн|38|Анти-эйдж крем для кожи вокруг глаз estee lauder advanced night repair eye|Анти-эйдж крем для кожи вокруг глаз estee lauder advanced night repair eye|||Estee Lauder|https://shafa.ua/cosmetics/dlya-lica/krem/60941997-anti-eydzh-krem-dlya-kozhi-vokrug-glaz-estee-lauder-advanced-night
100 грн|33|Уценка! солнцезащитный гель для лица lancome uv expert youth shield aqua gel spf50, 10 мл|Уценка! солнцезащитный гель для лица lancome uv expert youth shield aqua gel spf50, 10 мл|||Lancome|https://shafa.ua/cosmetics/dlya-lica/krem/62518667-solncezashitnyy-gel-lancome-uv-expert-youth-shield-aqua-gel-spf50
120 грн|28|Осветляющая сыворотка с ниацинамидом glow recipe niacinamide dew drops|Осветляющая сыворотка с ниацинамидом glow recipe niacinamide dew drops|135 грн|-12%||https://shafa.ua/cosmetics/dlya-lica/sivorotki/62523878-osvetlyayushaya-syvorotka-s-niacinamidom-glow-recipe-niacinamide-dew
250 грн|21|Набор люксовых пробников: nars, rare beauty, sephora, bareminerals, urban decay, too faced|Набор люксовых пробников: nars, rare beauty, sephora, bareminerals, urban decay, too faced|275 грн|-10%|Nars|https://shafa.ua/cosmetics/dekorativnaya/nabory/63647661-nabor-lyuksovyh-probnikov-nars-rare-beauty-sephora-bareminerals
140 грн|10|Масло для кутикулы с роликом the lyfestyle co 100% natural cuticle oil, сша|Масло для кутикулы с роликом the lyfestyle co 100% natural cuticle oil, сша|150 грн|-7%||https://shafa.ua/cosmetics/manikyur/uhod-i-lechenie/74289245-maslo-dlya-kutikuly-s-rolikom-the-lyfestyle-co-100-natural-cuticle
320 грн|19|Антивозрастной крем payot blue techni liss jour, 15 мл|Антивозрастной крем payot blue techni liss jour, 15 мл|||PAYOT|https://shafa.ua/cosmetics/dlya-lica/krem/78060151-antivozrastnoy-krem-payot-blue-techni-liss-jour-15-ml
200 грн|32|Карандаш для бровей anastasia beverly hills brow wiz|Карандаш для бровей anastasia beverly hills brow wiz|||Anastasia Beverly Hills|https://shafa.ua/cosmetics/dekorativnaya/dlya-brovej/karandashi/72963572-karandash-dlya-brovyay-anastasia-beverly-hills-brow-wiz
75 грн|5|Набор / палетка пробников тонального крема anastasia beverly hills luminous foundation|Набор / палетка пробников тонального крема anastasia beverly hills luminous foundation|||Anastasia Beverly Hills|https://shafa.ua/cosmetics/dekorativnaya/dlya-lica/tonalnyj-krem/64342277-nabor-paletka-probnikov-tonalnogo-krema-anastasia-beverly-hills
525 грн|4|Средство для умывания на основе угля glamglow supercleanse™ clearing cream-to-foam cleanser|Средство для умывания на основе угля glamglow supercleanse™ clearing cream-to-foam cleanser|550 грн|-5%|Glamglow|https://shafa.ua/cosmetics/dlya-lica/ochishcheniya-lica/76858429-sredstvo-dlya-umyvaniya-na-osnove-uglya-glamglow-supercleanse_
501 грн|25|Палетка хайлайтеров natasha denona glow gold shimmer duo, 14г|Палетка хайлайтеров natasha denona glow gold shimmer duo, 14г|540 грн|-8%|Natasha Denona|https://shafa.ua/cosmetics/dekorativnaya/dlya-lica/hajlajtery/61385568-paletka-haylayterov-natasha-denona-glow-gold-shimmer-duo-14g
200 грн|5|Супер-лёгкий увлажняющий крем tarte sea drink of h2o hydrating boost moisturizer|Супер-лёгкий увлажняющий крем tarte sea drink of h2o hydrating boost moisturizer|||Tarte|https://shafa.ua/cosmetics/dlya-lica/krem/69815384-super-lyogkiy-uvlazhnyayushiy-krem-tarte-sea-drink-of-h2o-hydrating
Бесплатно|9|Солнцезащионый крем la roche-posay spf50+ 3 мл|Солнцезащионый крем la roche-posay spf50+ 3 мл|||La Roche-Posay|https://shafa.ua/cosmetics/dlya-lica/krem/75882795-solncezashionyy-krem-la-roche-posay-50
345 грн|24|🥑 питательная маска для лица kiehl's avocado nourishing hydration mask🥑|🥑 питательная маска для лица kiehl's avocado nourishing hydration mask🥑|400 грн|-14%|Kiehl's|https://shafa.ua/cosmetics/dlya-lica/maski/69814680-pitatelnaya-maska-dlya-lica-kiehls-avocado-nourishing-hydration-mask
210 грн|17|Нюдовый блеск для губ anastasia beverly hills lip gloss|Нюдовый блеск для губ anastasia beverly hills lip gloss|||Anastasia Beverly Hills|https://shafa.ua/cosmetics/dekorativnaya/dlya-gub/blesk/84105636-nyudovyy-blesk-dlya-gub-anastasia-beverly-hills-lip-gloss
350 грн|7|Нюдовая матовая помада для губ sephora cream lip stain 23 copper blush|Нюдовая матовая помада для губ sephora cream lip stain 23 copper blush|||Sephora|https://shafa.ua/cosmetics/dekorativnaya/dlya-gub/pomada/84103384-nyudovaya-matovaya-pomada-dlya-gub-sephora-cream-lip-stain-23-copper
200 грн|4|Прозрачный гель для бровей sephora clear brow gel|Прозрачный гель для бровей sephora clear brow gel|||Sephora|https://shafa.ua/cosmetics/dekorativnaya/dlya-brovej/geli/72929680-prozrachnyy-gel-dlya-brovyay-sephora-clear-brow-gel
415 грн|19|Антивозрастная сыворотка для лица caudalie premier cru the serum|Антивозрастная сыворотка для лица caudalie premier cru the serum|440 грн|-6%|Caudalie|https://shafa.ua/cosmetics/dlya-lica/sivorotki/74215073-antivozrastnaya-syvorotka-dlya-lica-caudalie-premier-cru-the-serum
190 грн|17|Люкс! средство для глубокого очищения tatcha the deep cleanse exfoliating cleanser|Люкс! средство для глубокого очищения tatcha the deep cleanse exfoliating cleanser|200 грн|-5%|Tatcha|https://shafa.ua/cosmetics/dlya-lica/ochishcheniya-lica/75887540-ochishayushiy-gel-tatcha-the-deep-cleanse
165 грн|18|Крем / масло для гладкости волос alterna caviar anti-aging smoothing anti-frizz blowout|Крем / масло для гладкости волос alterna caviar anti-aging smoothing anti-frizz blowout|185 грн|-11%|Alterna|https://shafa.ua/cosmetics/dlya-volos/masla/54443565-krem-maslo-dlya-gladkosti-volos-alterna-caviar-anti-aging-smoothing
440 грн|10|Восстанавливающая маска для глаз avant brightening&depuffing hyaluronic overnight eye recovery mask за $93!|Восстанавливающая маска для глаз avant brightening&depuffing hyaluronic overnight eye recovery mask за $93!|||Avant|https://shafa.ua/cosmetics/dlya-lica/krem/71430553-vosstanavlivayushaya-maska-dlya-glaz-avant-brighteningdepuffing
360 грн|8|Скраб для губ becca hydra-light smoothing lip scrub|Скраб для губ becca hydra-light smoothing lip scrub|||Becca|https://shafa.ua/cosmetics/dekorativnaya/dlya-gub/balzamy/75885494-skrab-dlya-gub-becca-hydra-light-smoothing-lip-scrub
200 грн|8|Подкручивающая тушь benefit roller lash super-curling and lifting mascara|Подкручивающая тушь benefit roller lash super-curling and lifting mascara|||Benefit|https://shafa.ua/cosmetics/dekorativnaya/dlya-glaz/tush/83276252-podkruchivayushaya-tush-benefit-roller-lash-super-curling-and
80 грн|15|Пилинг салфетки с кислотами dr.dennis gross alpha beta peel extra strength formula|Пилинг салфетки с кислотами dr.dennis gross alpha beta peel extra strength formula|||Dr. Dennis Gross|https://shafa.ua/cosmetics/dlya-lica/maski/77683582-piling-salfetki-s-kislotami-drdennis-gross-alpha-beta-peel-extra
445 грн|14|Миниатюра jo malone london english pear & freesia, оригинал!|Миниатюра jo malone london english pear & freesia, оригинал!|470 грн|-6%|Jo Malone|https://shafa.ua/cosmetics/parfyumeriya/parfyumirovannaya-voda/76911948-miniatyura-jo-malone-london-english-pear-freesia-original
350 грн|2|Кисть для губ zoeva 330 с футляром, оригинал|Кисть для губ zoeva 330 с футляром, оригинал|||Zoeva|https://shafa.ua/cosmetics/aksessuary-dlya-krasoty/kisti/75675361-kist-dlya-gub-zoeva-330-s-futlyarom-original
500 грн|7|Сыворотка / крем для волос living proof perfect hair day 5-in-1 styling treatment, 118мл|Сыворотка / крем для волос living proof perfect hair day 5-in-1 styling treatment, 118мл|||Living Proof|https://shafa.ua/cosmetics/dlya-volos/masla/74923622-syvorotka-krem-dlya-volos-living-proof-perfect-hair-day-5-in-1
225 грн|14|Очищающая паста для волос christophe robin cleansing volumizing paste with pure rassoul clay & rose extracts|Очищающая паста для волос christophe robin cleansing volumizing paste with pure rassoul clay & rose extracts|250 грн|-10%|Christophe Robin|https://shafa.ua/cosmetics/dlya-volos/shampuni/72584326-ochishayushaya-pasta-dlya-volos-christophe-robin-cleansing
325 грн|8|Набор: норковые накладные ресницы с клеем lavaa lashes flirty lash set|Набор: норковые накладные ресницы с клеем lavaa lashes flirty lash set|350 грн|-8%||https://shafa.ua/cosmetics/dekorativnaya/dlya-glaz/nakladnye-resnicy/85547028-nabor-norkovye-nakladnye-resnicy-s-kleem-lavaa-lashes-flirty-lash
215 грн|21|Энзимный скраб для лица huda beauty / wishful yo glow enzyme scrub|Энзимный скраб для лица huda beauty / wishful yo glow enzyme scrub|||Huda Beauty|https://shafa.ua/cosmetics/dlya-lica/ochishcheniya-lica/70188482-enzimnyy-skrab-dlya-lica-huda-beauty-wishful-yo-glow-enzyme-scrub
165 грн|10|Сияющий солнцезащитный крем supergoop glow screen spf40 10 мл|Сияющий солнцезащитный крем supergoop glow screen spf40 10 мл|180 грн|-9%|Supergoop|https://shafa.ua/cosmetics/dlya-lica/krem/72854387-siyayushiy-solncezashitnyy-krem-supergoop-glow-screen-10-ml
80 грн|18|Набор пробников: giorgio armani luminous silk foundation тональный флюид с эффектом сияния|Набор пробников: giorgio armani luminous silk foundation тональный флюид с эффектом сияния|100 грн|-20%|Giorgio Armani|https://shafa.ua/cosmetics/dekorativnaya/dlya-lica/tonalnyj-krem/79048817-nabor-probnikov-giorgio-armani-luminous-silk-foundation-tonalnyy
501 грн|18|Отшелушивающая маска для лица glamglow youthmud glow stimulating treatment 30 мл|Отшелушивающая маска для лица glamglow youthmud glow stimulating treatment 30 мл|535 грн|-7%|Glamglow|https://shafa.ua/cosmetics/dlya-lica/maski/69988158-otshelushivayushaya-maska-dlya-lica-glamglow_youthmud-glow
160 грн|33|Глубоко увлажняющий крем-бальзам для губ fresh rose petal-soft deep hydration lip balm|Глубоко увлажняющий крем-бальзам для губ fresh rose petal-soft deep hydration lip balm|||Fresh|https://shafa.ua/cosmetics/dekorativnaya/dlya-gub/balzamy/47355012-gluboko-uvlazhnyayushiy-krem-balzam-dlya-gub-fresh-rose-petal-soft
85 грн|11|Праймер make up for ever step 1 primer hydra booster|Праймер make up for ever step 1 primer hydra booster||||https://shafa.ua/cosmetics/dekorativnaya/dlya-lica/baza-pod-makiyazh/83285479-praymer-make-up-for-ever-step-1-primer-hydra-booster
85 грн|29|Нишевый парфюм пробник maison martin margiela autumn vibes|Нишевый парфюм пробник maison martin margiela autumn vibes|||Maison Martin Margiela|https://shafa.ua/cosmetics/parfyumeriya/probniki/78551884-nishevyy-parfyum-probnik-maison-martin-margiela-autumn-vibes
130 грн|7|Стойкая матовая помада для губ sephora cream lip stain 14 blackberry sorbet 5 мл!|Стойкая матовая помада для губ sephora cream lip stain 14 blackberry sorbet 5 мл!|165 грн|-22%|Sephora|https://shafa.ua/cosmetics/dekorativnaya/dlya-gub/pomada/54863502-stoykaya-matovaya-pomada-dlya-gub-sephora-cream-lip-stain-14
450 грн|8|Палетка для макияжа лица thebalm alternative rock vol.1|Палетка для макияжа лица thebalm alternative rock vol.1|495 грн|-10%||https://shafa.ua/cosmetics/dekorativnaya/dlya-glaz/paletki/76859439-paletka-dlya-makiyazha-lica-thebalm-alternative-rock-vol1
85 грн|17|Набор шампунь и кондиционер moroccanoil moisture repair|Набор шампунь и кондиционер moroccanoil moisture repair|||Moroccanoil|https://shafa.ua/cosmetics/dlya-volos/shampuni/78071337-nabor-shampun-i-kondicioner-moroccanoil-moisture-repair
215 грн|12|Сыворотка для проблемной кожи с ретинолом shani darden skin care retinol reform|Сыворотка для проблемной кожи с ретинолом shani darden skin care retinol reform|220 грн|-3%||https://shafa.ua/cosmetics/dlya-lica/sivorotki/70939449-syvorotka-dlya-problemnoy-kozhi-s-retinolom-shani-darden-skin-care
80 грн|5|Косметичка ipsy из сша|Косметичка ipsy из сша||||https://shafa.ua/cosmetics/aksessuary-dlya-krasoty/kosmetichki/84102743-kosmetichka-ipsy-iz-ssha
30 грн|8|Пробник тонального крема huda beauty fauxfilter foundation|Пробник тонального крема huda beauty fauxfilter foundation|||Huda Beauty|https://shafa.ua/cosmetics/dekorativnaya/dlya-lica/tonalnyj-krem/77675201-probnik-tonalnogo-krema-huda-beauty-fauxfilter-foundation
180 грн|35|Увлажняющий гель для кожи вокруг глаз clinique moisture surge eye 96-hour hydro-filler|Увлажняющий гель для кожи вокруг глаз clinique moisture surge eye 96-hour hydro-filler|||Clinique|https://shafa.ua/cosmetics/dlya-lica/krem/59555608-uvlazhnyayushiy-gel-dlya-kozhi-vokrug-glaz-clinique-moisture-surge
365 грн|37|Сияющие жидкие тени natasha denona chroma crystal liquid eyeshadow mini set - disco & space, оригинал!|Сияющие жидкие тени natasha denona chroma crystal liquid eyeshadow mini set - disco & space, оригинал!|400 грн|-9%|Natasha Denona|https://shafa.ua/cosmetics/dekorativnaya/dlya-glaz/teni/71829911-siyayushie-zhidkie-teni-natasha-denona-chroma-crystal-liquid
70 грн|16|Косметичка ipsy двусторонняя, сша|Косметичка ipsy двусторонняя, сша|80 грн|-13%||https://shafa.ua/cosmetics/aksessuary-dlya-krasoty/kosmetichki/44543182-kosmetichka-ipsy-dvustoronnyaya-ssha
125 грн|20|Золотая косметичка sephora, сша|Золотая косметичка sephora, сша|139 грн|-11%|Sephora|https://shafa.ua/cosmetics/aksessuary-dlya-krasoty/kosmetichki/54441223-zolotaya-kosmetichka-sephora-ssha
90 грн|8|Золотые тени /однушка / рефил colourpop из линейки pressed powder shadow|Золотые тени /однушка / рефил  colourpop из линейки pressed powder shadow|100 грн|-10%||https://shafa.ua/cosmetics/dekorativnaya/dlya-glaz/teni/69819703-zolotye-teni-odnushka-refil-colourpop-iz-linyayki-pressed-powder
180 грн|7|Маска для восстановления волос с яблочным уксусом dphue acv apple cider vinegar hair masque|Маска для восстановления волос с яблочным уксусом dphue acv apple cider vinegar hair masque||||https://shafa.ua/cosmetics/dlya-volos/maski/70969018-maska-dlya-vosstanovleniya-volos-s-yablochnym-uksusom-dphue-acv
140 грн|23|Увлажняющий праймер с витаминами для сияния кожи smashbox photo finish vitamin glow primer|Увлажняющий праймер с витаминами для сияния кожи smashbox photo finish vitamin glow primer||||https://shafa.ua/cosmetics/dekorativnaya/dlya-lica/baza-pod-makiyazh/44947401-uvlazhnyayushiy-praymer-s-vitaminami-dlya-siyaniya-kozhi-smashbox
99 грн|23|Стойкая матовая помада для губ sephora cream lip stain|Стойкая матовая помада для губ sephora cream lip stain|115 грн|-14%|Sephora|https://shafa.ua/cosmetics/dekorativnaya/dlya-gub/pomada/47775323-stoykaya-matovaya-pomada-dlya-gub-sephora-cream-lip-stain
275 грн|30|Масло для лица с витамином с sunday riley c.e.o glow vitamin c + turmeric face oil|Масло для лица с витамином с sunday riley c.e.o glow vitamin c + turmeric face oil|300 грн|-9%|Sunday Riley|https://shafa.ua/cosmetics/dlya-lica/maslo/49674077-maslo-dlya-lica-s-vitaminom-s-sunday-riley-ceo-glow-vitamin-c
275 грн|21|Супер-стойкая матовая помада too faced melted matte liquified matte long wear lipstick|Супер-стойкая матовая помада too faced melted matte liquified matte long wear lipstick|295 грн|-7%|Too Faced|https://shafa.ua/cosmetics/dekorativnaya/dlya-gub/pomada/49676988-super-stoykaya-matovaya-pomada-too-faced-melted-matte-liquified
100 грн|17|Интенсивная увлажняющая, убирающая пушистость маска для волос living proof no frizz intense moisture mask|Интенсивная увлажняющая, убирающая пушистость маска для волос living proof no frizz intense moisture mask|110 грн|-10%|Living Proof|https://shafa.ua/cosmetics/dlya-volos/maski/68407710-intensivnaya-uvlazhnyayushaya-ubirayushaya-pushistost-maska-dlya
135 грн|24|Праймер / затирка для пор beautyblender the leveler™ pore minimizing primer|Праймер / затирка для пор beautyblender the leveler™ pore minimizing primer|150 грн|-10%|Beauty Blender|https://shafa.ua/cosmetics/dekorativnaya/dlya-lica/baza-pod-makiyazh/47068021-praymer-zatirka-dlya-por-beautyblender-the-leveler_-pore-minimizing
95 грн|18|Пробники консилер giorgio armani power fabric concealer|Пробники консилер giorgio armani power fabric concealer|100 грн|-5%|Giorgio Armani|https://shafa.ua/cosmetics/dekorativnaya/dlya-lica/konsilery/65117166-probniki-konsiler-giorgio-armani-power-fabric-concealer
250 грн|18|Антивозрастная сыворотка с витамином с sunday riley c.e.o. rapid flash brightening|Антивозрастная сыворотка с витамином с sunday riley c.e.o. rapid flash brightening|270 грн|-8%|Sunday Riley|https://shafa.ua/cosmetics/dlya-lica/sivorotki/53543150-antivozrastnaya-syvorotka-s-vitaminom-s-sunday-riley-ceo-rapid-flash
120 грн|6|Стайлер для волос bumble and bumble - bb. glow bond-building styler|Стайлер для волос bumble and bumble - bb. glow bond-building styler||||https://shafa.ua/cosmetics/dlya-volos/stajling/gel-dlya-fiksacii/65962204-stayler-dlya-volos-bumble-and-bumble-bb-glow-bond-building-styler
290 грн|10|Мультистик для глаз, губ и щек live tinted huestick live tinted huestick|Мультистик для глаз, губ и щек live tinted huestick live tinted huestick|300 грн|-4%||https://shafa.ua/cosmetics/dekorativnaya/dlya-glaz/teni/62453652-multistik-dlya-glaz-gub-i-shek-live-tinted-huestick-live-tinted
250 грн|14|Магнитная тушь benefit they're real! magnet mascara|Магнитная тушь benefit they're real! magnet mascara|||Benefit Cosmetics|https://shafa.ua/cosmetics/dekorativnaya/dlya-glaz/tush/64342024-magnitnaya-tush-benefit-theyre-real-magnet-mascara
275 грн|17|Карандаш помада /тени для глаз и губ fenty beauty frost metallic eye and lip crayon|Карандаш помада /тени для глаз и губ fenty beauty frost metallic eye and lip crayon|290 грн|-6%|Fenty Beauty by Rihanna|https://shafa.ua/cosmetics/dekorativnaya/dlya-gub/pomada/51726967-karandash-pomada-teni-dlya-glaz-i-gub-fenty-beauty-frost-metallic
380 грн|22|Универсальная банановая пудра ofra pressed banana powder, 10г, оригинал|Универсальная банановая пудра ofra pressed banana powder, 10г, оригинал|400 грн|-5%||https://shafa.ua/cosmetics/dekorativnaya/dlya-lica/pudra/60632780-universalnaya-bananovaya-pudra-ofra-pressed-banana-powder-10g
270 грн|11|Сухой шампунь для волос living proof perfect hair day dry shampoo, сша|Сухой шампунь для волос living proof perfect hair day dry shampoo, сша|||Living Proof|https://shafa.ua/cosmetics/dlya-volos/sprei/56434245-suhoy-shampun-dlya-volos-living-proof-perfect-hair-day-dry-shampoo
320 грн|25|Люкс! нюдовый блеск для губ pat mcgrath labs mini lust lip gloss|Люкс! нюдовый блеск для губ pat mcgrath labs mini lust lip gloss|||Pat McGrath Labs|https://shafa.ua/cosmetics/dekorativnaya/dlya-gub/blesk/65962978-lyuks-nyudovyy-blesk-dlya-gub-pat-mcgrath-labs-mini-lust-lip-gloss
325 грн|20|Супер сияющие тени / спаркл dose of colors block party eyeshadow, сша|Супер сияющие тени / спаркл dose of colors block party eyeshadow, сша|350 грн|-8%||https://shafa.ua/cosmetics/dekorativnaya/dlya-glaz/teni/59928247-super-siyayushie-teni-sparkl-dose-of-colors-block-party-eyeshadow
90 грн|13|Люкс! легендарный крем для лица charlotte tilbury magic cream moisturizer|Люкс! легендарный крем для лица charlotte tilbury magic cream moisturizer|||Charlotte Tilbury|https://shafa.ua/cosmetics/dlya-lica/krem/65964861-lyuks-legendarnyy-krem-dlya-lica-charlotte-tilbury-magic-cream
140 грн|22|Палетка ухаживающих помад для губ dior rouge ultra care liquid с кистью|Палетка ухаживающих помад для губ dior rouge ultra care liquid с кистью|150 грн|-7%|Christian Dior|https://shafa.ua/cosmetics/dekorativnaya/dlya-gub/pomada/50657478-paletka-uhazhivayushih-pomad-dlya-gub-dior-rouge-ultra-care-liquid-s
275 грн|6|Палетка румян для лица zoeva opulence blush palette|Палетка румян для лица zoeva opulence blush palette|295 грн|-7%||https://shafa.ua/cosmetics/dekorativnaya/dlya-lica/rumyana/64338406-paletka-rumyan-dlya-lica-zoeva-opulence-blush-palette
300 грн|36|Супер-ухаживающая бархатная матовая помада для губ clarins velvet lip perfector|Супер-ухаживающая бархатная матовая помада для губ clarins velvet lip perfector|330 грн|-10%|Clarins|https://shafa.ua/cosmetics/dekorativnaya/dlya-gub/pomada/68349060-super-uhazhivayushaya-barhainaya-matovaya-pomada-dlya-gub-clarins
260 грн|11|Кремовые тени revlon colorstay creme eye shadow|Кремовые тени revlon colorstay creme eye shadow|285 грн|-9%|Revlon Professional|https://shafa.ua/cosmetics/dekorativnaya/dlya-glaz/teni/64338091-kremovye-teni-revlon-colorstay-creme-eye-shadow
90 грн|15|Профессиональная 3-х ступенчатая система восстановления волос verb reset, сша|Профессиональная 3-х ступенчатая система восстановления волос verb reset, сша|100 грн|-10%||https://shafa.ua/cosmetics/dlya-volos/masla/54865912-professionalnaya-3-h-stupenchataya-sistema-vosstanovleniya-volos
250 грн|12|Мини карандаш для губ pat mcgrath permagel ultra lip pencil, оригинал!|Мини карандаш для губ pat mcgrath permagel ultra lip pencil, оригинал!|275 грн|-10%|Pat McGrath Labs|https://shafa.ua/cosmetics/dekorativnaya/dlya-gub/karandashi/64948825-mini-karandash-dlya-gub-pat-mcgrath-permagel-ultra-lip-pencil
215 грн|23|Антивозрастная сыворотка charlotte tilbury charlotte's magic serum crystal elixir 3.6мл|Антивозрастная сыворотка charlotte tilbury charlotte's magic serum crystal elixir 3.6мл|||Charlotte Tilbury|https://shafa.ua/cosmetics/dlya-lica/sivorotki/61543798-antivozrastnaya-syvorotka-charlotte-tilbury-charlottes-magic-serum
275 грн|17|Мини карандаш для губ pat mcgrath permagel ultra lip pencil suburbia|Мини карандаш для губ pat mcgrath permagel ultra lip pencil suburbia|||Pat McGrath Labs|https://shafa.ua/cosmetics/dekorativnaya/dlya-gub/karandashi/63761825-mini-karandash-dlya-gub-pat-mcgrath-permagel-ultra-lip-pencil
180 грн|9|Увлажняющий гель для кожи вокруг глаз clinique moisture surge eye 96-hour hydro-filler|Увлажняющий гель для кожи вокруг глаз clinique moisture surge eye 96-hour hydro-filler|||Clinique|https://shafa.ua/cosmetics/dlya-lica/krem/64953387-uvlazhnyayushiy-gel-dlya-kozhi-vokrug-glaz-clinique-moisture-surge
145 грн|18|Тушь для ресниц tarte sea surfer curl volumizing mascara|Тушь для ресниц tarte sea surfer curl volumizing mascara|160 грн|-10%|Tarte|https://shafa.ua/cosmetics/dekorativnaya/dlya-glaz/tush/58882704-tush-dlya-resnic-tarte-cosmetics-sea-surfer-curl-volumizing-mascara
275 грн|6|Парфюм спрей для дома bath&body works tis the season room spray|Парфюм спрей для дома bath&body works tis the season room spray|||Bath And Body Works|https://shafa.ua/cosmetics/parfyumeriya/sprei/62520570-parfyum-dlya-doma-bathbody-works-tis-the-season-room-spray
170 грн|14|Ночной антивозрастной крем для лица fresh lotus youth preserve dream night cream|Ночной антивозрастной крем для лица fresh lotus youth preserve dream night cream|180 грн|-6%|Fresh|https://shafa.ua/cosmetics/dlya-lica/krem/58846636-nochnoy-antivozrastnoy-krem-dlya-lica-fresh-lotus-youth-preserve
315 грн|8|Антивозрастная сыворотка для лица ren 10 мл|Антивозрастная сыворотка для лица ren 10 мл|350 грн|-10%||https://shafa.ua/cosmetics/dlya-lica/sivorotki/50750206-antieydzh-syvorotka-dlya-lica-ren-keep-young-and-beautiful-instant
90 грн|10|Сияющие золотые муссовые тени inmo velveteen dream shadow, сша|Сияющие золотые муссовые тени inmo velveteen dream shadow, сша|100 грн|-10%||https://shafa.ua/cosmetics/dekorativnaya/dlya-glaz/teni/51725155-siyayushie-zolotye-barhatnye-teni-inmo-velveteen-dream-shadow-ssha
235 грн|17|Миниатюра в спрее аромата clinique happy для женщин|Миниатюра в спрее аромата clinique happy для женщин|||Clinique|https://shafa.ua/cosmetics/parfyumeriya/parfyumirovannaya-voda/59551371-miniatyura-v-spree-aromata-clinique-happy-dlya-zhenshin
175 грн|16|Makeup eraser - многоразовая салфетка для снятия макияжа|Makeup eraser - многоразовая салфетка для снятия макияжа||||https://shafa.ua/cosmetics/dekorativnaya/dlya-snyatiya-makiyazha/58843284-makeup-eraser-mnogorazovaya-salfetka-dlya-snyatiya-makiyazha
